Timestamp,XPosition,YPosition,ZPosition,XRotation,YRotation,ZRotation
1531728562.355,-0.000120555414,-0.000018493502,0.000041020350,-0.000022344202,0.000004505131,-0.000034724897
1531728562.379,-0.000120555414,-0.000018493502,0.000041020350,-0.000022344202,0.000004505131,-0.000034724897
1531728562.403,-0.000120555414,-0.000018493502,0.000041020350,-0.000022344202,0.000004505131,-0.000034724897
1531728562.428,-0.000120555414,-0.000018493502,0.000041020350,-0.000022344202,0.000004505131,-0.000034724897
1531728562.452,-0.000120555414,-0.000018493502,0.000041020350,-0.000022344202,0.000004505131,-0.000034724897
1531728562.476,-0.000120555414,-0.000018493502,0.000041020350,-0.000022344202,0.000004505131,-0.000034724897
1531728562.500,-0.000120555414,-0.000018493502,0.000041020350,-0.000022344202,0.000004505131,-0.000034724897
1531728562.525,-0.000120555414,-0.000018493502,0.000041020350,-0.000022344202,0.000004505131,-0.000034724897
1531728562.549,-0.000120555414,-0.000018493502,0.000041020350,-0.000022344202,0.000004505131,-0.000034724897
1531728562.573,-0.000120555414,-0.000018493502,0.000041020350,-0.000022344202,0.000004505131,-0.000034724897
1531728562.597,-0.000120555414,-0.000018493502,0.000041020350,-0.000022344202,0.000004505131,-0.000034724897
1531728562.621,-0.000120555414,-0.000018493502,0.000041020350,-0.000022344202,0.000004505131,-0.000034724897
1531728562.646,-0.000120555414,-0.000018493502,0.000041020350,-0.000022344202,0.000004505131,-0.000034724897
1531728562.670,-0.000120555414,-0.000018493502,0.000041020350,-0.000022344202,0.000004505131,-0.000034724897
1531728562.694,-0.000120555414,-0.000018493502,0.000041020350,-0.000022344202,0.000004505131,-0.000034724897
1531728562.718,-0.000120555414,-0.000018493502,0.000041020350,-0.000022344202,0.000004505131,-0.000034724897
1531728562.743,-0.000120555414,-0.000018493502,0.000041020350,-0.000022344202,0.000004505131,-0.000034724897
1531728562.767,-0.000120555414,-0.000018493502,0.000041020350,-0.000022344202,0.000004505131,-0.000034724897
1531728562.791,-0.000120555414,-0.000018493502,0.000041020350,-0.000022344202,0.000004505131,-0.000034724897
1531728562.815,-0.000120555414,-0.000018493502,0.000041020350,-0.000022344202,0.000004505131,-0.000034724897
1531728562.839,-0.000120555414,-0.000018493502,0.000041020350,-0.000022344202,0.000004505131,-0.000034724897
1531728562.863,-0.000120555414,-0.000018493502,0.000041020350,-0.000022344202,0.000004505131,-0.000034724897
1531728562.888,-0.000120555414,-0.000018493502,0.000041020350,-0.000022344202,0.000004505131,-0.000034724897
1531728562.912,-0.000120555414,-0.000018493502,0.000041020350,-0.000022344202,0.000004505131,-0.000034724897
1531728562.936,-0.000120555414,-0.000018493502,0.000041020350,-0.000022344202,0.000004505131,-0.000034724897
1531728562.960,-0.000120555414,-0.000018493502,0.000041020350,-0.000022344202,0.000004505131,-0.000034724897
1531728562.985,-0.000120555414,-0.000018493502,0.000041020350,-0.000022344202,0.000004505131,-0.000034724897
1531728563.009,-0.000120555414,-0.000018493502,0.000041020350,-0.000022344202,0.000004505131,-0.000034724897
1531728563.033,-0.000120555414,-0.000018493502,0.000041020350,-0.000022344202,0.000004505131,-0.000034724897
1531728563.057,-0.000120555414,-0.000018493502,0.000041020350,-0.000022344202,0.000004505131,-0.000034724897
1531728563.081,-0.000120555414,-0.000018493502,0.000041020350,-0.000022344202,0.000004505131,-0.000034724897
1531728563.105,-0.000120555414,-0.000018493502,0.000041020350,-0.000022344202,0.000004505131,-0.000034724897
1531728563.130,-0.000120555414,-0.000018493502,0.000041020350,-0.000022344202,0.000004505131,-0.000034724897
1531728563.154,-0.000120555414,-0.000018493502,0.000041020350,-0.000022344202,0.000004505131,-0.000034724897
1531728563.178,-0.000120555414,-0.000018493502,0.000041020350,-0.000022344202,0.000004505131,-0.000034724897
1531728563.202,-0.000120555414,-0.000018493502,0.000041020350,-0.000022344202,0.000004505131,-0.000034724897
1531728563.227,-0.000120555414,-0.000018493502,0.000041020350,-0.000022344202,0.000004505131,-0.000034724897
1531728563.251,-0.000120555414,-0.000018493502,0.000041020350,-0.000022344202,0.000004505131,-0.000034724897
1531728563.275,-0.000120555414,-0.000018493502,0.000041020350,-0.000022344202,0.000004505131,-0.000034724897
1531728563.299,-0.000120555414,-0.000018493502,0.000041020350,-0.000022344202,0.000004505131,-0.000034724897
1531728563.323,-0.000120555414,-0.000018493502,0.000041020350,-0.000022344202,0.000004505131,-0.000034724897
1531728563.348,-0.000120555414,-0.000018493502,0.000041020350,-0.000022344202,0.000004505131,-0.000034724897
1531728563.372,-0.000120555414,-0.000018493502,0.000041020350,-0.000022344202,0.000004505131,-0.000034724897
1531728563.396,-0.000120555414,-0.000018493502,0.000041020350,-0.000022344202,0.000004505131,-0.000034724897
1531728563.420,-0.000120555414,-0.000018493502,0.000041020350,-0.000022344202,0.000004505131,-0.000034724897
1531728563.444,-0.000120555414,-0.000018493502,0.000041020350,-0.000022344202,0.000004505131,-0.000034724897
1531728563.469,-0.000120555414,-0.000018493502,0.000041020350,-0.000022344202,0.000004505131,-0.000034724897
1531728563.493,-0.000120555414,-0.000018493502,0.000041020350,-0.000022344202,0.000004505131,-0.000034724897
1531728563.517,-0.000120555414,-0.000018493502,0.000041020350,-0.000022344202,0.000004505131,-0.000034724897
1531728563.541,-0.000120555414,-0.000018493502,0.000041020350,-0.000022344202,0.000004505131,-0.000034724897
1531728563.566,-0.000120555414,-0.000018493502,0.000041020350,-0.000022344202,0.000004505131,-0.000034724897
1531728563.590,-0.000120555414,-0.000018493502,0.000041020350,-0.000022344202,0.000004505131,-0.000034724897
1531728563.614,-0.000120555414,-0.000018493502,0.000041020350,-0.000022344202,0.000004505131,-0.000034724897
1531728563.638,-0.000120555414,-0.000018493502,0.000041020350,-0.000022344202,0.000004505131,-0.000034724897
1531728563.663,-0.000120555414,-0.000018493502,0.000041020350,-0.000022344202,0.000004505131,-0.000034724897
1531728563.687,-0.000120555414,-0.000018493502,0.000041020350,-0.000022344202,0.000004505131,-0.000034724897
1531728563.711,-0.000120555414,-0.000018493502,0.000041020350,-0.000022344202,0.000004505131,-0.000034724897
1531728563.735,-0.000120555414,-0.000018493502,0.000041020350,-0.000022344202,0.000004505131,-0.000034724897
1531728563.759,-0.000120555414,-0.000018493502,0.000041020350,-0.000022344202,0.000004505131,-0.000034724897
1531728563.784,-0.000120555414,-0.000018493502,0.000041020350,-0.000022344202,0.000004505131,-0.000034724897
1531728563.808,-0.000120555414,-0.000018493502,0.000041020350,-0.000022344202,0.000004505131,-0.000034724897
1531728563.832,-0.000120555414,-0.000018493502,0.000041020350,-0.000022344202,0.000004505131,-0.000034724897
1531728563.856,-0.000120555414,-0.000018493502,0.000041020350,-0.000022344202,0.000004505131,-0.000034724897
1531728563.881,-0.000120555414,-0.000018493502,0.000041020350,-0.000022344202,0.000004505131,-0.000034724897
1531728563.905,-0.000120555414,-0.000018493502,0.000041020350,-0.000022344202,0.000004505131,-0.000034724897
1531728563.929,-0.000120555414,-0.000018493502,0.000041020350,-0.000022344202,0.000004505131,-0.000034724897
1531728563.953,-0.000120555414,-0.000018493502,0.000041020350,-0.000022344202,0.000004505131,-0.000034724897
1531728563.977,-0.000120555414,-0.000018493502,0.000041020350,-0.000022344202,0.000004505131,-0.000034724897
1531728564.002,-0.000120555414,-0.000018493502,0.000041020350,-0.000022344202,0.000004505131,-0.000034724897
1531728564.026,-0.000120555414,-0.000018493502,0.000041020350,-0.000022344202,0.000004505131,-0.000034724897
1531728564.050,-0.000120555414,-0.000018493502,0.000041020350,-0.000022344202,0.000004505131,-0.000034724897
1531728564.074,-0.000120555414,-0.000018493502,0.000041020350,-0.000022344202,0.000004505131,-0.000034724897
1531728564.099,-0.000120555414,-0.000018493502,0.000041020350,-0.000022344202,0.000004505131,-0.000034724897
1531728564.123,-0.000120555414,-0.000018493502,0.000041020350,-0.000022344202,0.000004505131,-0.000034724897
1531728564.147,-0.000120555414,-0.000018493502,0.000041020350,-0.000022344202,0.000004505131,-0.000034724897
1531728564.171,-0.000120555414,-0.000018493502,0.000041020350,-0.000022344202,0.000004505131,-0.000034724897
1531728564.196,-0.000120555414,-0.000018493502,0.000041020350,-0.000022344202,0.000004505131,-0.000034724897
1531728564.220,-0.000120555414,-0.000018493502,0.000041020350,-0.000022344202,0.000004505131,-0.000034724897
1531728564.244,-0.000120555414,-0.000018493502,0.000041020350,-0.000022344202,0.000004505131,-0.000034724897
1531728564.268,-0.000120555414,-0.000018493502,0.000041020350,-0.000022344202,0.000004505131,-0.000034724897
1531728564.292,-0.000120555414,-0.000018493502,0.000041020350,-0.000022344202,0.000004505131,-0.000034724897
1531728564.317,-0.000120555414,-0.000018493502,0.000041020350,-0.000022344202,0.000004505131,-0.000034724897
1531728564.341,-0.000120555414,-0.000018493502,0.000041020350,-0.000022344202,0.000004505131,-0.000034724897
1531728564.365,-0.000120555414,-0.000018493502,0.000041020350,-0.000022344202,0.000004505131,-0.000034724897
1531728564.389,-0.000120555414,-0.000018493502,0.000041020350,-0.000022344202,0.000004505131,-0.000034724897
1531728564.413,-0.000120555414,-0.000018493502,0.000041020350,-0.000022344202,0.000004505131,-0.000034724897
1531728564.438,-0.000120555414,-0.000018493502,0.000041020350,-0.000022344202,0.000004505131,-0.000034724897
1531728564.462,-0.000120555414,-0.000018493502,0.000041020350,-0.000022344202,0.000004505131,-0.000034724897
1531728564.486,-0.000120555414,-0.000018493502,0.000041020350,-0.000022344202,0.000004505131,-0.000034724897
1531728564.510,-0.000120555414,-0.000018493502,0.000041020350,-0.000022344202,0.000004505131,-0.000034724897
1531728564.534,-0.000120555414,-0.000018493502,0.000041020350,-0.000022344202,0.000004505131,-0.000034724897
1531728564.559,-0.000120555414,-0.000018493502,0.000041020350,-0.000022344202,0.000004505131,-0.000034724897
1531728564.583,-0.000120555414,-0.000018493502,0.000041020350,-0.000022344202,0.000004505131,-0.000034724897
1531728564.607,-0.000120555414,-0.000018493502,0.000041020350,-0.000022344202,0.000004505131,-0.000034724897
1531728564.631,-0.000120555414,-0.000018493502,0.000041020350,-0.000022344202,0.000004505131,-0.000034724897
1531728564.655,-0.000120804994,-0.000018493500,0.000041020354,-0.000022344228,0.000004505130,-0.000034755089
1531728564.680,-0.000120804994,-0.000018493500,0.000041020354,-0.000022344228,0.000004505130,-0.000034755089
1531728564.704,-0.000120804994,-0.000018493500,0.000041020354,-0.000022344228,0.000004505130,-0.000034755089
1531728564.728,-0.000120804994,-0.000018493500,0.000041020354,-0.000022344228,0.000004505130,-0.000034755089
1531728564.752,-0.000120804994,-0.000018493500,0.000041020354,-0.000022344228,0.000004505130,-0.000034755089
1531728564.777,-0.000120555414,-0.000018493502,0.000041020350,-0.000022344202,0.000004505131,-0.000034724897
1531728564.801,-0.000120555414,-0.000018493502,0.000041020350,-0.000022344202,0.000004505131,-0.000034724897
1531728564.825,-0.000120555414,-0.000018493502,0.000041020350,-0.000022344202,0.000004505131,-0.000034724897
1531728564.849,-0.000120555414,-0.000018493502,0.000041020350,-0.000022344202,0.000004505131,-0.000034724897
1531728564.873,-0.000120555414,-0.000018493502,0.000041020350,-0.000022344202,0.000004505131,-0.000034724897
1531728564.898,-0.000120555414,-0.000018493502,0.000041020350,-0.000022344202,0.000004505131,-0.000034724897
1531728564.922,-0.000120555414,-0.000018493502,0.000041020350,-0.000022344202,0.000004505131,-0.000034724897
1531728564.946,-0.000120555414,-0.000018493502,0.000041020350,-0.000022344202,0.000004505131,-0.000034724897
1531728564.970,-0.000120555414,-0.000018493502,0.000041020350,-0.000022344202,0.000004505131,-0.000034724897
1531728564.995,-0.000120555414,-0.000018493502,0.000041020350,-0.000022344202,0.000004505131,-0.000034724897
1531728565.019,-0.000120555414,-0.000018493502,0.000041020350,-0.000022344202,0.000004505131,-0.000034724897
1531728565.043,-0.000120555414,-0.000018493502,0.000041020350,-0.000022344202,0.000004505131,-0.000034724897
1531728565.067,-0.000120555414,-0.000018493502,0.000041020350,-0.000022344202,0.000004505131,-0.000034724897
1531728565.092,-0.000120555414,-0.000018493502,0.000041020350,-0.000022344202,0.000004505131,-0.000034724897
1531728565.116,-0.000120555414,-0.000018493502,0.000041020350,-0.000022344202,0.000004505131,-0.000034724897
1531728565.140,-0.000120555414,-0.000018493502,0.000041020350,-0.000022344202,0.000004505131,-0.000034724897
1531728565.164,-0.000120555414,-0.000018493502,0.000041020350,-0.000022344202,0.000004505131,-0.000034724897
1531728565.189,-0.000120555414,-0.000018493502,0.000041020350,-0.000022344202,0.000004505131,-0.000034724897
1531728565.213,-0.000120555414,-0.000018493502,0.000041020350,-0.000022344202,0.000004505131,-0.000034724897
1531728565.237,-0.000120555414,-0.000018493502,0.000041020350,-0.000022344202,0.000004505131,-0.000034724897
1531728565.261,-0.000120555414,-0.000018493502,0.000041020350,-0.000022344202,0.000004505131,-0.000034724897
1531728565.286,-0.000120555414,-0.000018493502,0.000041020350,-0.000022344202,0.000004505131,-0.000034724897
1531728565.310,-0.000120555414,-0.000018493502,0.000041020350,-0.000022344202,0.000004505131,-0.000034724897
1531728565.334,-0.000120555414,-0.000018493502,0.000041020350,-0.000022344202,0.000004505131,-0.000034724897
1531728565.358,-0.000120552613,-0.000018493451,0.000040903382,-0.000022345177,0.000004563471,-0.000034724897
1531728565.382,-0.000120552613,-0.000018493451,0.000040903382,-0.000022345177,0.000004563471,-0.000034724897
1531728565.407,-0.000120552613,-0.000018493451,0.000040903382,-0.000022345177,0.000004563471,-0.000034724897
1531728565.431,-0.000120552613,-0.000018493451,0.000040903382,-0.000022345177,0.000004563471,-0.000034724897
1531728565.455,-0.000120552613,-0.000018493451,0.000040903382,-0.000022345177,0.000004563471,-0.000034724897
1531728565.479,-0.000120552613,-0.000018493451,0.000040903382,-0.000022345177,0.000004563471,-0.000034724897
1531728565.503,-0.000120552613,-0.000018493451,0.000040903382,-0.000022345177,0.000004563471,-0.000034724897
1531728565.528,-0.000120552613,-0.000018493451,0.000040903382,-0.000022345177,0.000004563471,-0.000034724897
1531728565.552,-0.000120552613,-0.000018493451,0.000040903382,-0.000022345177,0.000004563471,-0.000034724897
1531728565.576,-0.000120552613,-0.000018493451,0.000040903382,-0.000022345177,0.000004563471,-0.000034724897
1531728565.600,-0.000120552613,-0.000018493451,0.000040903382,-0.000022345177,0.000004563471,-0.000034724897
1531728565.625,-0.000120552613,-0.000018493451,0.000040903382,-0.000022345177,0.000004563471,-0.000034724897
1531728565.649,-0.000120552613,-0.000018493451,0.000040903382,-0.000022345177,0.000004563471,-0.000034724897
1531728565.673,-0.000120552613,-0.000018493451,0.000040903382,-0.000022345177,0.000004563471,-0.000034724897
1531728565.697,-0.000120552613,-0.000018493451,0.000040903382,-0.000022345177,0.000004563471,-0.000034724897
1531728565.721,-0.000120552613,-0.000018493451,0.000040903382,-0.000022345177,0.000004563471,-0.000034724897
1531728565.746,-0.000120552613,-0.000018493451,0.000040903382,-0.000022345177,0.000004563471,-0.000034724897
1531728565.770,-0.000120552613,-0.000018493451,0.000040903382,-0.000022345177,0.000004563471,-0.000034724897
1531728565.794,-0.000120552613,-0.000018493451,0.000040903382,-0.000022345177,0.000004563471,-0.000034724897
1531728565.818,-0.000120552613,-0.000018493451,0.000040903382,-0.000022345177,0.000004563471,-0.000034724897
1531728565.843,-0.000120552613,-0.000018493451,0.000040903382,-0.000022345177,0.000004563471,-0.000034724897
1531728565.867,-0.000120552613,-0.000018493451,0.000040903382,-0.000022345177,0.000004563471,-0.000034724897
1531728565.891,-0.000120552613,-0.000018493451,0.000040903382,-0.000022345177,0.000004563471,-0.000034724897
1531728565.915,-0.000120552613,-0.000018493451,0.000040903382,-0.000022345177,0.000004563471,-0.000034724897
1531728565.939,-0.000120552613,-0.000018493451,0.000040903382,-0.000022345177,0.000004563471,-0.000034724897
1531728565.964,-0.000120552613,-0.000018493451,0.000040903382,-0.000022345177,0.000004563471,-0.000034724897
1531728565.988,-0.000120552613,-0.000018493451,0.000040903382,-0.000022345177,0.000004563471,-0.000034724897
1531728566.012,-0.000120552613,-0.000018493451,0.000040903382,-0.000022345177,0.000004563471,-0.000034724897
1531728566.036,-0.000120555414,-0.000018493502,0.000041020350,-0.000022344202,0.000004505131,-0.000034724897
1531728566.061,-0.000120555414,-0.000018493502,0.000041020350,-0.000022344202,0.000004505131,-0.000034724897
1531728566.085,-0.000120555414,-0.000018493502,0.000041020350,-0.000022344202,0.000004505131,-0.000034724897
1531728566.109,-0.000120555414,-0.000018493502,0.000041020350,-0.000022344202,0.000004505131,-0.000034724897
1531728566.133,-0.000120555414,-0.000018493502,0.000041020350,-0.000022344202,0.000004505131,-0.000034724897
1531728566.158,-0.000120555414,-0.000018493502,0.000041020350,-0.000022344202,0.000004505131,-0.000034724897
1531728566.182,-0.000120555414,-0.000018493502,0.000041020350,-0.000022344202,0.000004505131,-0.000034724897
1531728566.206,-0.000120552613,-0.000018493451,0.000040903382,-0.000022345177,0.000004563471,-0.000034724897
1531728566.230,-0.000120552613,-0.000018493451,0.000040903382,-0.000022345177,0.000004563471,-0.000034724897
1531728566.254,-0.000120555414,-0.000018493502,0.000041020350,-0.000022344202,0.000004505131,-0.000034724897
1531728566.279,-0.000120555414,-0.000018493502,0.000041020350,-0.000022344202,0.000004505131,-0.000034724897
1531728566.303,-0.000120555414,-0.000018493502,0.000041020350,-0.000022344202,0.000004505131,-0.000034724897
1531728566.327,-0.000120555414,-0.000018493502,0.000041020350,-0.000022344202,0.000004505131,-0.000034724897
1531728566.351,-0.000120555414,-0.000018493502,0.000041020350,-0.000022344202,0.000004505131,-0.000034724897
1531728566.375,-0.000120552613,-0.000018493451,0.000040903382,-0.000022345177,0.000004563471,-0.000034724897
1531728566.400,-0.000120555414,-0.000018493502,0.000041020350,-0.000022344202,0.000004505131,-0.000034724897
1531728566.424,-0.000120555414,-0.000018493502,0.000041020350,-0.000022344202,0.000004505131,-0.000034724897
1531728566.448,-0.000120555414,-0.000018493502,0.000041020350,-0.000022344202,0.000004505131,-0.000034724897
1531728566.472,-0.000120555414,-0.000018493502,0.000041020350,-0.000022344202,0.000004505131,-0.000034724897
1531728566.496,-0.000120555414,-0.000018493502,0.000041020350,-0.000022344202,0.000004505131,-0.000034724897
1531728566.520,-0.000120555414,-0.000018493502,0.000041020350,-0.000022344202,0.000004505131,-0.000034724897
1531728566.545,-0.000120555414,-0.000018493502,0.000041020350,-0.000022344202,0.000004505131,-0.000034724897
1531728566.569,-0.000120555414,-0.000018493502,0.000041020350,-0.000022344202,0.000004505131,-0.000034724897
1531728566.593,-0.000120555414,-0.000018493502,0.000041020350,-0.000022344202,0.000004505131,-0.000034724897
1531728566.617,-0.000120555414,-0.000018493502,0.000041020350,-0.000022344202,0.000004505131,-0.000034724897
1531728566.641,-0.000120555414,-0.000018493502,0.000041020350,-0.000022344202,0.000004505131,-0.000034724897
1531728566.666,-0.000120555414,-0.000018493502,0.000041020350,-0.000022344202,0.000004505131,-0.000034724897
1531728566.690,-0.000120555414,-0.000018493502,0.000041020350,-0.000022344202,0.000004505131,-0.000034724897
1531728566.714,-0.000120555414,-0.000018493502,0.000041020350,-0.000022344202,0.000004505131,-0.000034724897
1531728566.738,-0.000120552613,-0.000018493451,0.000040903382,-0.000022345177,0.000004563471,-0.000034724897
1531728566.763,-0.000120552613,-0.000018493451,0.000040903382,-0.000022345177,0.000004563471,-0.000034724897
1531728566.787,-0.000120555414,-0.000018493502,0.000041020350,-0.000022344202,0.000004505131,-0.000034724897
1531728566.811,-0.000120552613,-0.000018493451,0.000040903382,-0.000022345177,0.000004563471,-0.000034724897
1531728566.835,-0.000120555414,-0.000018493502,0.000041020350,-0.000022344202,0.000004505131,-0.000034724897
1531728566.860,-0.000120552613,-0.000018493451,0.000040903382,-0.000022345177,0.000004563471,-0.000034724897
1531728566.884,-0.000120552613,-0.000018493451,0.000040903382,-0.000022345177,0.000004563471,-0.000034724897
1531728566.908,-0.000120552613,-0.000018493451,0.000040903382,-0.000022345177,0.000004563471,-0.000034724897
1531728566.932,-0.000120552613,-0.000018493451,0.000040903382,-0.000022345177,0.000004563471,-0.000034724897
1531728566.956,-0.000120552613,-0.000018493451,0.000040903382,-0.000022345177,0.000004563471,-0.000034724897
1531728566.981,-0.000120555414,-0.000018493502,0.000041020350,-0.000022344202,0.000004505131,-0.000034724897
1531728567.005,-0.000120555414,-0.000018493502,0.000041020350,-0.000022344202,0.000004505131,-0.000034724897
1531728567.029,-0.000120555414,-0.000018493502,0.000041020350,-0.000022344202,0.000004505131,-0.000034724897
1531728567.054,-0.000120555414,-0.000018493502,0.000041020350,-0.000022344202,0.000004505131,-0.000034724897
1531728567.078,-0.000120555414,-0.000018493502,0.000041020350,-0.000022344202,0.000004505131,-0.000034724897
1531728567.102,-0.000120555414,-0.000018493502,0.000041020350,-0.000022344202,0.000004505131,-0.000034724897
1531728567.126,-0.000120555414,-0.000018493502,0.000041020350,-0.000022344202,0.000004505131,-0.000034724897
1531728567.150,-0.000120555414,-0.000018493502,0.000041020350,-0.000022344202,0.000004505131,-0.000034724897
1531728567.175,-0.000120555414,-0.000018493502,0.000041020350,-0.000022344202,0.000004505131,-0.000034724897
1531728567.199,-0.000120555414,-0.000018493502,0.000041020350,-0.000022344202,0.000004505131,-0.000034724897
1531728567.223,-0.000120555414,-0.000018493502,0.000041020350,-0.000022344202,0.000004505131,-0.000034724897
1531728567.247,-0.000120555414,-0.000018493502,0.000041020350,-0.000022344202,0.000004505131,-0.000034724897
1531728567.271,-0.000120555414,-0.000018493502,0.000041020350,-0.000022344202,0.000004505131,-0.000034724897
1531728567.296,-0.000120555414,-0.000018493502,0.000041020350,-0.000022344202,0.000004505131,-0.000034724897
1531728567.320,-0.000120555414,-0.000018493502,0.000041020350,-0.000022344202,0.000004505131,-0.000034724897
1531728567.344,-0.000120555414,-0.000018493502,0.000041020350,-0.000022344202,0.000004505131,-0.000034724897
1531728567.368,-0.000120555414,-0.000018493502,0.000041020350,-0.000022344202,0.000004505131,-0.000034724897
1531728567.393,-0.000120555414,-0.000018493502,0.000041020350,-0.000022344202,0.000004505131,-0.000034724897
1531728567.417,-0.000120555414,-0.000018493502,0.000041020350,-0.000022344202,0.000004505131,-0.000034724897
1531728567.441,-0.000120555414,-0.000018493502,0.000041020350,-0.000022344202,0.000004505131,-0.000034724897
1531728567.466,-0.000120555414,-0.000018493502,0.000041020350,-0.000022344202,0.000004505131,-0.000034724897
1531728567.490,-0.000120555414,-0.000018493502,0.000041020350,-0.000022344202,0.000004505131,-0.000034724897
1531728567.514,-0.000120555414,-0.000018493502,0.000041020350,-0.000022344202,0.000004505131,-0.000034724897
1531728567.538,-0.000120555414,-0.000018493502,0.000041020350,-0.000022344202,0.000004505131,-0.000034724897
1531728567.562,-0.000120555414,-0.000018493502,0.000041020350,-0.000022344202,0.000004505131,-0.000034724897
1531728567.586,-0.000120555414,-0.000018493502,0.000041020350,-0.000022344202,0.000004505131,-0.000034724897
1531728567.611,-0.000120555414,-0.000018493502,0.000041020350,-0.000022344202,0.000004505131,-0.000034724897
1531728567.635,-0.000120555414,-0.000018493502,0.000041020350,-0.000022344202,0.000004505131,-0.000034724897
1531728567.659,-0.000120555414,-0.000018493502,0.000041020350,-0.000022344202,0.000004505131,-0.000034724897
1531728567.683,-0.000120552613,-0.000018493451,0.000040903382,-0.000022345177,0.000004563471,-0.000034724897
1531728567.707,-0.000120555414,-0.000018493502,0.000041020350,-0.000022344202,0.000004505131,-0.000034724897
1531728567.732,-0.000120555414,-0.000018493502,0.000041020350,-0.000022344202,0.000004505131,-0.000034724897
1531728567.756,-0.000120555414,-0.000018493502,0.000041020350,-0.000022344202,0.000004505131,-0.000034724897
1531728567.780,-0.000120555414,-0.000018493502,0.000041020350,-0.000022344202,0.000004505131,-0.000034724897
1531728567.804,-0.000120555414,-0.000018493502,0.000041020350,-0.000022344202,0.000004505131,-0.000034724897
1531728567.828,-0.000120555414,-0.000018493502,0.000041020350,-0.000022344202,0.000004505131,-0.000034724897
1531728567.852,-0.000120555414,-0.000018493502,0.000041020350,-0.000022344202,0.000004505131,-0.000034724897
1531728567.877,-0.000120555414,-0.000018493502,0.000041020350,-0.000022344202,0.000004505131,-0.000034724897
1531728567.901,-0.000120555414,-0.000018493502,0.000041020350,-0.000022344202,0.000004505131,-0.000034724897
1531728567.925,-0.000120555414,-0.000018493502,0.000041020350,-0.000022344202,0.000004505131,-0.000034724897
1531728567.949,-0.000120555414,-0.000018493502,0.000041020350,-0.000022344202,0.000004505131,-0.000034724897
1531728567.974,-0.000120555414,-0.000018493502,0.000041020350,-0.000022344202,0.000004505131,-0.000034724897
1531728567.998,-0.000120555414,-0.000018493502,0.000041020350,-0.000022344202,0.000004505131,-0.000034724897
1531728568.022,-0.000120555414,-0.000018493502,0.000041020350,-0.000022344202,0.000004505131,-0.000034724897
1531728568.046,-0.000120555414,-0.000018493502,0.000041020350,-0.000022344202,0.000004505131,-0.000034724897
1531728568.071,-0.000120555414,-0.000018493502,0.000041020350,-0.000022344202,0.000004505131,-0.000034724897
1531728568.095,-0.000120555414,-0.000018493502,0.000041020350,-0.000022344202,0.000004505131,-0.000034724897
1531728568.119,-0.000120555414,-0.000018493502,0.000041020350,-0.000022344202,0.000004505131,-0.000034724897
1531728568.143,-0.000120555414,-0.000018493502,0.000041020350,-0.000022344202,0.000004505131,-0.000034724897
1531728568.168,-0.000120552613,-0.000018493451,0.000040903382,-0.000022345177,0.000004563471,-0.000034724897
1531728568.192,-0.000120552613,-0.000018493451,0.000040903382,-0.000022345177,0.000004563471,-0.000034724897
1531728568.216,-0.000120552613,-0.000018493451,0.000040903382,-0.000022345177,0.000004563471,-0.000034724897
1531728568.240,-0.000120552613,-0.000018493451,0.000040903382,-0.000022345177,0.000004563471,-0.000034724897
1531728568.264,-0.000120552613,-0.000018493451,0.000040903382,-0.000022345177,0.000004563471,-0.000034724897
1531728568.289,-0.000120552613,-0.000018493451,0.000040903382,-0.000022345177,0.000004563471,-0.000034724897
1531728568.313,-0.000120552613,-0.000018493451,0.000040903382,-0.000022345177,0.000004563471,-0.000034724897
1531728568.337,-0.000120552613,-0.000018493451,0.000040903382,-0.000022345177,0.000004563471,-0.000034724897
1531728568.361,-0.000120552613,-0.000018493451,0.000040903382,-0.000022345177,0.000004563471,-0.000034724897
1531728568.385,-0.000120552613,-0.000018493451,0.000040903382,-0.000022345177,0.000004563471,-0.000034724897
1531728568.410,-0.000120552613,-0.000018493451,0.000040903382,-0.000022345177,0.000004563471,-0.000034724897
1531728568.434,-0.000120552613,-0.000018493451,0.000040903382,-0.000022345177,0.000004563471,-0.000034724897
1531728568.458,-0.000120552613,-0.000018493451,0.000040903382,-0.000022345177,0.000004563471,-0.000034724897
1531728568.482,-0.000120552613,-0.000018493451,0.000040903382,-0.000022345177,0.000004563471,-0.000034724897
1531728568.507,-0.000120552613,-0.000018493451,0.000040903382,-0.000022345177,0.000004563471,-0.000034724897
1531728568.531,-0.000120552613,-0.000018493451,0.000040903382,-0.000022345177,0.000004563471,-0.000034724897
1531728568.555,-0.000120552613,-0.000018493451,0.000040903382,-0.000022345177,0.000004563471,-0.000034724897
1531728568.579,-0.000120552613,-0.000018493451,0.000040903382,-0.000022345177,0.000004563471,-0.000034724897
1531728568.603,-0.000120552613,-0.000018493451,0.000040903382,-0.000022345177,0.000004563471,-0.000034724897
1531728568.628,-0.000120552613,-0.000018493451,0.000040903382,-0.000022345177,0.000004563471,-0.000034724897
1531728568.652,-0.000120555414,-0.000018493502,0.000041020350,-0.000022344202,0.000004505131,-0.000034724897
1531728568.676,-0.000120552613,-0.000018493451,0.000040903382,-0.000022345177,0.000004563471,-0.000034724897
1531728568.700,-0.000120552613,-0.000018493451,0.000040903382,-0.000022345177,0.000004563471,-0.000034724897
1531728568.725,-0.000120555414,-0.000018493502,0.000041020350,-0.000022344202,0.000004505131,-0.000034724897
1531728568.749,-0.000120552613,-0.000018493451,0.000040903382,-0.000022345177,0.000004563471,-0.000034724897
1531728568.773,-0.000120555414,-0.000018493502,0.000041020350,-0.000022344202,0.000004505131,-0.000034724897
1531728568.797,-0.000120555414,-0.000018493502,0.000041020350,-0.000022344202,0.000004505131,-0.000034724897
1531728568.822,-0.000120555414,-0.000018493502,0.000041020350,-0.000022344202,0.000004505131,-0.000034724897
1531728568.846,-0.000120555414,-0.000018493502,0.000041020350,-0.000022344202,0.000004505131,-0.000034724897
1531728568.870,-0.000120552613,-0.000018493451,0.000040903382,-0.000022345177,0.000004563471,-0.000034724897
1531728568.894,-0.000120552613,-0.000018493451,0.000040903382,-0.000022345177,0.000004563471,-0.000034724897
1531728568.918,-0.000120552613,-0.000018493451,0.000040903382,-0.000022345177,0.000004563471,-0.000034724897
1531728568.943,-0.000120552613,-0.000018493451,0.000040903382,-0.000022345177,0.000004563471,-0.000034724897
1531728568.967,-0.000120552613,-0.000018493451,0.000040903382,-0.000022345177,0.000004563471,-0.000034724897
1531728568.991,-0.000120555414,-0.000018493502,0.000041020350,-0.000022344202,0.000004505131,-0.000034724897
1531728569.015,-0.000120552613,-0.000018493451,0.000040903382,-0.000022345177,0.000004563471,-0.000034724897
1531728569.039,-0.000120552613,-0.000018493451,0.000040903382,-0.000022345177,0.000004563471,-0.000034724897
1531728569.063,-0.000120552613,-0.000018493451,0.000040903382,-0.000022345177,0.000004563471,-0.000034724897
1531728569.088,-0.000120552613,-0.000018493451,0.000040903382,-0.000022345177,0.000004563471,-0.000034724897
1531728569.112,-0.000120552613,-0.000018493451,0.000040903382,-0.000022345177,0.000004563471,-0.000034724897
1531728569.136,-0.000120552613,-0.000018493451,0.000040903382,-0.000022345177,0.000004563471,-0.000034724897
1531728569.160,-0.000120552613,-0.000018493451,0.000040903382,-0.000022345177,0.000004563471,-0.000034724897
1531728569.184,-0.000120552613,-0.000018493451,0.000040903382,-0.000022345177,0.000004563471,-0.000034724897
1531728569.209,-0.000120552613,-0.000018493451,0.000040903382,-0.000022345177,0.000004563471,-0.000034724897
1531728569.233,-0.000120552613,-0.000018493451,0.000040903382,-0.000022345177,0.000004563471,-0.000034724897
1531728569.257,-0.000120552613,-0.000018493451,0.000040903382,-0.000022345177,0.000004563471,-0.000034724897
1531728569.281,-0.000120552613,-0.000018493451,0.000040903382,-0.000022345177,0.000004563471,-0.000034724897
1531728569.305,-0.000120552613,-0.000018493451,0.000040903382,-0.000022345177,0.000004563471,-0.000034724897
1531728569.330,-0.000120552613,-0.000018493451,0.000040903382,-0.000022345177,0.000004563471,-0.000034724897
1531728569.354,-0.000120552613,-0.000018493451,0.000040903382,-0.000022345177,0.000004563471,-0.000034724897
1531728569.378,-0.000120552613,-0.000018493451,0.000040903382,-0.000022345177,0.000004563471,-0.000034724897
1531728569.402,-0.000120552613,-0.000018493451,0.000040903382,-0.000022345177,0.000004563471,-0.000034724897
1531728569.426,-0.000120552613,-0.000018493451,0.000040903382,-0.000022345177,0.000004563471,-0.000034724897
1531728569.451,-0.000120552613,-0.000018493451,0.000040903382,-0.000022345177,0.000004563471,-0.000034724897
1531728569.475,-0.000120552613,-0.000018493451,0.000040903382,-0.000022345177,0.000004563471,-0.000034724897
1531728569.499,-0.000120552613,-0.000018493451,0.000040903382,-0.000022345177,0.000004563471,-0.000034724897
1531728569.523,-0.000120552613,-0.000018493451,0.000040903382,-0.000022345177,0.000004563471,-0.000034724897
1531728569.547,-0.000120552613,-0.000018493451,0.000040903382,-0.000022345177,0.000004563471,-0.000034724897
1531728569.572,-0.000120552613,-0.000018493451,0.000040903382,-0.000022345177,0.000004563471,-0.000034724897
1531728569.596,-0.000120552613,-0.000018493451,0.000040903382,-0.000022345177,0.000004563471,-0.000034724897
1531728569.620,-0.000120552613,-0.000018493451,0.000040903382,-0.000022345177,0.000004563471,-0.000034724897
1531728569.644,-0.000120552613,-0.000018493451,0.000040903382,-0.000022345177,0.000004563471,-0.000034724897
1531728569.668,-0.000120552613,-0.000018493451,0.000040903382,-0.000022345177,0.000004563471,-0.000034724897
1531728569.693,-0.000120552613,-0.000018493451,0.000040903382,-0.000022345177,0.000004563471,-0.000034724897
1531728569.717,-0.000120552613,-0.000018493451,0.000040903382,-0.000022345177,0.000004563471,-0.000034724897
1531728569.741,-0.000120552613,-0.000018493451,0.000040903382,-0.000022345177,0.000004563471,-0.000034724897
1531728569.765,-0.000120552613,-0.000018493451,0.000040903382,-0.000022345177,0.000004563471,-0.000034724897
1531728569.790,-0.000120552613,-0.000018493451,0.000040903382,-0.000022345177,0.000004563471,-0.000034724897
1531728569.814,-0.000120552613,-0.000018493451,0.000040903382,-0.000022345177,0.000004563471,-0.000034724897
1531728569.838,-0.000120552613,-0.000018493451,0.000040903382,-0.000022345177,0.000004563471,-0.000034724897
1531728569.862,-0.000120552613,-0.000018493451,0.000040903382,-0.000022345177,0.000004563471,-0.000034724897
1531728569.887,-0.000120552613,-0.000018493451,0.000040903382,-0.000022345177,0.000004563471,-0.000034724897
1531728569.911,-0.000120552613,-0.000018493451,0.000040903382,-0.000022345177,0.000004563471,-0.000034724897
1531728569.935,-0.000120552613,-0.000018493451,0.000040903382,-0.000022345177,0.000004563471,-0.000034724897
1531728569.959,-0.000120552613,-0.000018493451,0.000040903382,-0.000022345177,0.000004563471,-0.000034724897
1531728569.983,-0.000120552613,-0.000018493451,0.000040903382,-0.000022345177,0.000004563471,-0.000034724897
1531728570.008,-0.000120552613,-0.000018493451,0.000040903382,-0.000022345177,0.000004563471,-0.000034724897
1531728570.032,-0.000120552613,-0.000018493451,0.000040903382,-0.000022345177,0.000004563471,-0.000034724897
1531728570.056,-0.000120552613,-0.000018493451,0.000040903382,-0.000022345177,0.000004563471,-0.000034724897
1531728570.080,-0.000120552613,-0.000018493451,0.000040903382,-0.000022345177,0.000004563471,-0.000034724897
1531728570.105,-0.000120552613,-0.000018493451,0.000040903382,-0.000022345177,0.000004563471,-0.000034724897
1531728570.129,-0.000120552613,-0.000018493451,0.000040903382,-0.000022345177,0.000004563471,-0.000034724897
1531728570.153,-0.000120552613,-0.000018493451,0.000040903382,-0.000022345177,0.000004563471,-0.000034724897
1531728570.178,-0.000120552613,-0.000018493451,0.000040903382,-0.000022345177,0.000004563471,-0.000034724897
1531728570.202,-0.000120552613,-0.000018493451,0.000040903382,-0.000022345177,0.000004563471,-0.000034724897
1531728570.226,-0.000120552613,-0.000018493451,0.000040903382,-0.000022345177,0.000004563471,-0.000034724897
1531728570.250,-0.000120552613,-0.000018493451,0.000040903382,-0.000022345177,0.000004563471,-0.000034724897
1531728570.274,-0.000120552613,-0.000018493451,0.000040903382,-0.000022345177,0.000004563471,-0.000034724897
1531728570.299,-0.000120552613,-0.000018493451,0.000040903382,-0.000022345177,0.000004563471,-0.000034724897
1531728570.323,-0.000120552613,-0.000018493451,0.000040903382,-0.000022345177,0.000004563471,-0.000034724897
1531728570.347,-0.000120552613,-0.000018493451,0.000040903382,-0.000022345177,0.000004563471,-0.000034724897
1531728570.371,-0.000120552613,-0.000018493451,0.000040903382,-0.000022345177,0.000004563471,-0.000034724897
1531728570.396,-0.000120552613,-0.000018493451,0.000040903382,-0.000022345177,0.000004563471,-0.000034724897
1531728570.420,-0.000120552613,-0.000018493451,0.000040903382,-0.000022345177,0.000004563471,-0.000034724897
1531728570.444,-0.000120552613,-0.000018493451,0.000040903382,-0.000022345177,0.000004563471,-0.000034724897
1531728570.468,-0.000120552613,-0.000018493451,0.000040903382,-0.000022345177,0.000004563471,-0.000034724897
1531728570.492,-0.000120552613,-0.000018493451,0.000040903382,-0.000022345177,0.000004563471,-0.000034724897
1531728570.517,-0.000120552613,-0.000018493451,0.000040903382,-0.000022345177,0.000004563471,-0.000034724897
1531728570.541,-0.000120552613,-0.000018493451,0.000040903382,-0.000022345177,0.000004563471,-0.000034724897
1531728570.565,-0.000120552613,-0.000018493451,0.000040903382,-0.000022345177,0.000004563471,-0.000034724897
1531728570.589,-0.000120552613,-0.000018493451,0.000040903382,-0.000022345177,0.000004563471,-0.000034724897
1531728570.614,-0.000120552613,-0.000018493451,0.000040903382,-0.000022345177,0.000004563471,-0.000034724897
1531728570.638,-0.000120552613,-0.000018493451,0.000040903382,-0.000022345177,0.000004563471,-0.000034724897
1531728570.662,-0.000120552613,-0.000018493451,0.000040903382,-0.000022345177,0.000004563471,-0.000034724897
1531728570.686,-0.000120552613,-0.000018493451,0.000040903382,-0.000022345177,0.000004563471,-0.000034724897
1531728570.710,-0.000120552613,-0.000018493451,0.000040903382,-0.000022345177,0.000004563471,-0.000034724897
1531728570.735,-0.000120552613,-0.000018493451,0.000040903382,-0.000022345177,0.000004563471,-0.000034724897
1531728570.759,-0.000120552613,-0.000018493451,0.000040903382,-0.000022345177,0.000004563471,-0.000034724897
1531728570.783,-0.000120552613,-0.000018493451,0.000040903382,-0.000022345177,0.000004563471,-0.000034724897
1531728570.807,-0.000120552613,-0.000018493451,0.000040903382,-0.000022345177,0.000004563471,-0.000034724897
1531728570.832,-0.000120552613,-0.000018493451,0.000040903382,-0.000022345177,0.000004563471,-0.000034724897
1531728570.856,-0.000120552613,-0.000018493451,0.000040903382,-0.000022345177,0.000004563471,-0.000034724897
1531728570.880,-0.000120552613,-0.000018493451,0.000040903382,-0.000022345177,0.000004563471,-0.000034724897
1531728570.904,-0.000120552613,-0.000018493451,0.000040903382,-0.000022345177,0.000004563471,-0.000034724897
1531728570.928,-0.000120552613,-0.000018493451,0.000040903382,-0.000022345177,0.000004563471,-0.000034724897
1531728570.953,-0.000120552613,-0.000018493451,0.000040903382,-0.000022345177,0.000004563471,-0.000034724897
1531728570.977,-0.000120552613,-0.000018493451,0.000040903382,-0.000022345177,0.000004563471,-0.000034724897
1531728571.001,-0.000120552613,-0.000018493451,0.000040903382,-0.000022345177,0.000004563471,-0.000034724897
1531728571.025,-0.000120552613,-0.000018493451,0.000040903382,-0.000022345177,0.000004563471,-0.000034724897
1531728571.050,-0.000120552613,-0.000018493451,0.000040903382,-0.000022345177,0.000004563471,-0.000034724897
1531728571.074,-0.000120552613,-0.000018493451,0.000040903382,-0.000022345177,0.000004563471,-0.000034724897
1531728571.098,-0.000120552613,-0.000018493451,0.000040903382,-0.000022345177,0.000004563471,-0.000034724897
1531728571.122,-0.000120552613,-0.000018493451,0.000040903382,-0.000022345177,0.000004563471,-0.000034724897
1531728571.146,-0.000120552613,-0.000018493451,0.000040903382,-0.000022345177,0.000004563471,-0.000034724897
1531728571.171,-0.000120552613,-0.000018493451,0.000040903382,-0.000022345177,0.000004563471,-0.000034724897
1531728571.195,-0.000120552613,-0.000018493451,0.000040903382,-0.000022345177,0.000004563471,-0.000034724897
1531728571.219,-0.000120552613,-0.000018493451,0.000040903382,-0.000022345177,0.000004563471,-0.000034724897
1531728571.243,-0.000120552613,-0.000018493451,0.000040903382,-0.000022345177,0.000004563471,-0.000034724897
1531728571.267,-0.000120552613,-0.000018493451,0.000040903382,-0.000022345177,0.000004563471,-0.000034724897
1531728571.292,-0.000120552613,-0.000018493451,0.000040903382,-0.000022345177,0.000004563471,-0.000034724897
1531728571.316,-0.000120552613,-0.000018493451,0.000040903382,-0.000022345177,0.000004563471,-0.000034724897
1531728571.340,-0.000120552613,-0.000018493451,0.000040903382,-0.000022345177,0.000004563471,-0.000034724897
1531728571.364,-0.000120552613,-0.000018493451,0.000040903382,-0.000022345177,0.000004563471,-0.000034724897
1531728571.388,-0.000120552504,-0.000018490464,0.000040787108,-0.000022403059,0.000004565736,-0.000034724922
1531728571.413,-0.000120552504,-0.000018490464,0.000040787108,-0.000022403059,0.000004565736,-0.000034724922
1531728571.437,-0.000120552504,-0.000018490464,0.000040787108,-0.000022403059,0.000004565736,-0.000034724922
1531728571.461,-0.000120552504,-0.000018490464,0.000040787108,-0.000022403059,0.000004565736,-0.000034724922
1531728571.485,-0.000120552504,-0.000018490464,0.000040787108,-0.000022403059,0.000004565736,-0.000034724922
1531728571.510,-0.000120552504,-0.000018490464,0.000040787108,-0.000022403059,0.000004565736,-0.000034724922
1531728571.534,-0.000120552504,-0.000018490464,0.000040787108,-0.000022403059,0.000004565736,-0.000034724922
1531728571.558,-0.000120552504,-0.000018490464,0.000040787108,-0.000022403059,0.000004565736,-0.000034724922
1531728571.582,-0.000120552504,-0.000018490464,0.000040787108,-0.000022403059,0.000004565736,-0.000034724922
1531728571.607,-0.000120552504,-0.000018490464,0.000040787108,-0.000022403059,0.000004565736,-0.000034724922
1531728571.631,-0.000120552504,-0.000018490464,0.000040787108,-0.000022403059,0.000004565736,-0.000034724922
1531728571.655,-0.000120552504,-0.000018490464,0.000040787108,-0.000022403059,0.000004565736,-0.000034724922
1531728571.679,-0.000120552504,-0.000018490464,0.000040787108,-0.000022403059,0.000004565736,-0.000034724922
1531728571.703,-0.000120552504,-0.000018490464,0.000040787108,-0.000022403059,0.000004565736,-0.000034724922
1531728571.728,-0.000120552504,-0.000018490464,0.000040787108,-0.000022403059,0.000004565736,-0.000034724922
1531728571.752,-0.000120552504,-0.000018490464,0.000040787108,-0.000022403059,0.000004565736,-0.000034724922
1531728571.776,-0.000120552504,-0.000018490464,0.000040787108,-0.000022403059,0.000004565736,-0.000034724922
1531728571.800,-0.000120552504,-0.000018490464,0.000040787108,-0.000022403059,0.000004565736,-0.000034724922
1531728571.824,-0.000120552504,-0.000018490464,0.000040787108,-0.000022403059,0.000004565736,-0.000034724922
1531728571.849,-0.000120552504,-0.000018490464,0.000040787108,-0.000022403059,0.000004565736,-0.000034724922
1531728571.873,-0.000120552504,-0.000018490464,0.000040787108,-0.000022403059,0.000004565736,-0.000034724922
1531728571.897,-0.000120552504,-0.000018490464,0.000040787108,-0.000022403059,0.000004565736,-0.000034724922
1531728571.921,-0.000120552504,-0.000018490464,0.000040787108,-0.000022403059,0.000004565736,-0.000034724922
1531728571.946,-0.000120552504,-0.000018490464,0.000040787108,-0.000022403059,0.000004565736,-0.000034724922
1531728571.970,-0.000120552504,-0.000018490464,0.000040787108,-0.000022403059,0.000004565736,-0.000034724922
1531728571.994,-0.000120552504,-0.000018490464,0.000040787108,-0.000022403059,0.000004565736,-0.000034724922
1531728572.018,-0.000120552504,-0.000018490464,0.000040787108,-0.000022403059,0.000004565736,-0.000034724922
1531728572.042,-0.000120552613,-0.000018493451,0.000040903382,-0.000022345177,0.000004563471,-0.000034724897
1531728572.067,-0.000120552613,-0.000018493451,0.000040903382,-0.000022345177,0.000004563471,-0.000034724897
1531728572.091,-0.000120552613,-0.000018493451,0.000040903382,-0.000022345177,0.000004563471,-0.000034724897
1531728572.115,-0.000120552613,-0.000018493451,0.000040903382,-0.000022345177,0.000004563471,-0.000034724897
1531728572.139,-0.000120552613,-0.000018493451,0.000040903382,-0.000022345177,0.000004563471,-0.000034724897
1531728572.164,-0.000120552613,-0.000018493451,0.000040903382,-0.000022345177,0.000004563471,-0.000034724897
1531728572.188,-0.000120552613,-0.000018493451,0.000040903382,-0.000022345177,0.000004563471,-0.000034724897
1531728572.212,-0.000120552613,-0.000018493451,0.000040903382,-0.000022345177,0.000004563471,-0.000034724897
1531728572.236,-0.000120552613,-0.000018493451,0.000040903382,-0.000022345177,0.000004563471,-0.000034724897
1531728572.261,-0.000120552613,-0.000018493451,0.000040903382,-0.000022345177,0.000004563471,-0.000034724897
1531728572.285,-0.000120552613,-0.000018493451,0.000040903382,-0.000022345177,0.000004563471,-0.000034724897
1531728572.309,-0.000120552613,-0.000018493451,0.000040903382,-0.000022345177,0.000004563471,-0.000034724897
1531728572.333,-0.000120552613,-0.000018493451,0.000040903382,-0.000022345177,0.000004563471,-0.000034724897
1531728572.358,-0.000120552613,-0.000018493451,0.000040903382,-0.000022345177,0.000004563471,-0.000034724897
1531728572.382,-0.000120552613,-0.000018493451,0.000040903382,-0.000022345177,0.000004563471,-0.000034724897
1531728572.406,-0.000120552613,-0.000018493451,0.000040903382,-0.000022345177,0.000004563471,-0.000034724897
1531728572.430,-0.000120552613,-0.000018493451,0.000040903382,-0.000022345177,0.000004563471,-0.000034724897
1531728572.454,-0.000120552613,-0.000018493451,0.000040903382,-0.000022345177,0.000004563471,-0.000034724897
1531728572.479,-0.000120552613,-0.000018493451,0.000040903382,-0.000022345177,0.000004563471,-0.000034724897
1531728572.503,-0.000120552613,-0.000018493451,0.000040903382,-0.000022345177,0.000004563471,-0.000034724897
1531728572.527,-0.000120552613,-0.000018493451,0.000040903382,-0.000022345177,0.000004563471,-0.000034724897
1531728572.551,-0.000120552613,-0.000018493451,0.000040903382,-0.000022345177,0.000004563471,-0.000034724897
1531728572.576,-0.000120552613,-0.000018493451,0.000040903382,-0.000022345177,0.000004563471,-0.000034724897
1531728572.600,-0.000120552613,-0.000018493451,0.000040903382,-0.000022345177,0.000004563471,-0.000034724897
1531728572.624,-0.000120552613,-0.000018493451,0.000040903382,-0.000022345177,0.000004563471,-0.000034724897
1531728572.648,-0.000120552613,-0.000018493451,0.000040903382,-0.000022345177,0.000004563471,-0.000034724897
1531728572.672,-0.000120552613,-0.000018493451,0.000040903382,-0.000022345177,0.000004563471,-0.000034724897
1531728572.697,-0.000120552613,-0.000018493451,0.000040903382,-0.000022345177,0.000004563471,-0.000034724897
1531728572.721,-0.000120552613,-0.000018493451,0.000040903382,-0.000022345177,0.000004563471,-0.000034724897
1531728572.745,-0.000120552613,-0.000018493451,0.000040903382,-0.000022345177,0.000004563471,-0.000034724897
1531728572.769,-0.000120552613,-0.000018493451,0.000040903382,-0.000022345177,0.000004563471,-0.000034724897
1531728572.794,-0.000120552613,-0.000018493451,0.000040903382,-0.000022345177,0.000004563471,-0.000034724897
1531728572.818,-0.000120552613,-0.000018493451,0.000040903382,-0.000022345177,0.000004563471,-0.000034724897
1531728572.842,-0.000120552613,-0.000018493451,0.000040903382,-0.000022345177,0.000004563471,-0.000034724897
1531728572.866,-0.000120552613,-0.000018493451,0.000040903382,-0.000022345177,0.000004563471,-0.000034724897
1531728572.890,-0.000120552613,-0.000018493451,0.000040903382,-0.000022345177,0.000004563471,-0.000034724897
1531728572.915,-0.000120552613,-0.000018493451,0.000040903382,-0.000022345177,0.000004563471,-0.000034724897
1531728572.939,-0.000120552613,-0.000018493451,0.000040903382,-0.000022345177,0.000004563471,-0.000034724897
1531728572.963,-0.000120552613,-0.000018493451,0.000040903382,-0.000022345177,0.000004563471,-0.000034724897
1531728572.987,-0.000120552613,-0.000018493451,0.000040903382,-0.000022345177,0.000004563471,-0.000034724897
1531728573.012,-0.000120552613,-0.000018493451,0.000040903382,-0.000022345177,0.000004563471,-0.000034724897
1531728573.036,-0.000120552613,-0.000018493451,0.000040903382,-0.000022345177,0.000004563471,-0.000034724897
1531728573.060,-0.000120552613,-0.000018493451,0.000040903382,-0.000022345177,0.000004563471,-0.000034724897
1531728573.084,-0.000120552613,-0.000018493451,0.000040903382,-0.000022345177,0.000004563471,-0.000034724897
1531728573.109,-0.000120552613,-0.000018493451,0.000040903382,-0.000022345177,0.000004563471,-0.000034724897
1531728573.133,-0.000120552613,-0.000018493451,0.000040903382,-0.000022345177,0.000004563471,-0.000034724897
1531728573.157,-0.000120552613,-0.000018493451,0.000040903382,-0.000022345177,0.000004563471,-0.000034724897
1531728573.181,-0.000120552613,-0.000018493451,0.000040903382,-0.000022345177,0.000004563471,-0.000034724897
1531728573.205,-0.000120552613,-0.000018493451,0.000040903382,-0.000022345177,0.000004563471,-0.000034724897
1531728573.230,-0.000120552613,-0.000018493451,0.000040903382,-0.000022345177,0.000004563471,-0.000034724897
1531728573.254,-0.000120552613,-0.000018493451,0.000040903382,-0.000022345177,0.000004563471,-0.000034724897
1531728573.278,-0.000120552613,-0.000018493451,0.000040903382,-0.000022345177,0.000004563471,-0.000034724897
1531728573.302,-0.000120552613,-0.000018493451,0.000040903382,-0.000022345177,0.000004563471,-0.000034724897
1531728573.327,-0.000120552613,-0.000018493451,0.000040903382,-0.000022345177,0.000004563471,-0.000034724897
1531728573.351,-0.000120552613,-0.000018493451,0.000040903382,-0.000022345177,0.000004563471,-0.000034724897
1531728573.375,-0.000120552613,-0.000018493451,0.000040903382,-0.000022345177,0.000004563471,-0.000034724897
1531728573.399,-0.000120552613,-0.000018493451,0.000040903382,-0.000022345177,0.000004563471,-0.000034724897
1531728573.423,-0.000120552613,-0.000018493451,0.000040903382,-0.000022345177,0.000004563471,-0.000034724897
1531728573.448,-0.000120552613,-0.000018493451,0.000040903382,-0.000022345177,0.000004563471,-0.000034724897
1531728573.472,-0.000120552613,-0.000018493451,0.000040903382,-0.000022345177,0.000004563471,-0.000034724897
1531728573.496,-0.000120552613,-0.000018493451,0.000040903382,-0.000022345177,0.000004563471,-0.000034724897
1531728573.520,-0.000120552613,-0.000018493451,0.000040903382,-0.000022345177,0.000004563471,-0.000034724897
1531728573.544,-0.000120552613,-0.000018493451,0.000040903382,-0.000022345177,0.000004563471,-0.000034724897
1531728573.568,-0.000120552613,-0.000018493451,0.000040903382,-0.000022345177,0.000004563471,-0.000034724897
1531728573.593,-0.000120552613,-0.000018493451,0.000040903382,-0.000022345177,0.000004563471,-0.000034724897
1531728573.617,-0.000120552613,-0.000018493451,0.000040903382,-0.000022345177,0.000004563471,-0.000034724897
1531728573.641,-0.000120552613,-0.000018493451,0.000040903382,-0.000022345177,0.000004563471,-0.000034724897
1531728573.665,-0.000120552613,-0.000018493451,0.000040903382,-0.000022345177,0.000004563471,-0.000034724897
1531728573.689,-0.000120552613,-0.000018493451,0.000040903382,-0.000022345177,0.000004563471,-0.000034724897
1531728573.714,-0.000120552613,-0.000018493451,0.000040903382,-0.000022345177,0.000004563471,-0.000034724897
1531728573.738,-0.000120552613,-0.000018493451,0.000040903382,-0.000022345177,0.000004563471,-0.000034724897
1531728573.762,-0.000120552613,-0.000018493451,0.000040903382,-0.000022345177,0.000004563471,-0.000034724897
1531728573.786,-0.000120552613,-0.000018493451,0.000040903382,-0.000022345177,0.000004563471,-0.000034724897
1531728573.810,-0.000120552613,-0.000018493451,0.000040903382,-0.000022345177,0.000004563471,-0.000034724897
1531728573.835,-0.000120552613,-0.000018493451,0.000040903382,-0.000022345177,0.000004563471,-0.000034724897
1531728573.859,-0.000120552613,-0.000018493451,0.000040903382,-0.000022345177,0.000004563471,-0.000034724897
1531728573.883,-0.000120552613,-0.000018493451,0.000040903382,-0.000022345177,0.000004563471,-0.000034724897
1531728573.907,-0.000120552613,-0.000018493451,0.000040903382,-0.000022345177,0.000004563471,-0.000034724897
1531728573.932,-0.000120552613,-0.000018493451,0.000040903382,-0.000022345177,0.000004563471,-0.000034724897
1531728573.956,-0.000120552613,-0.000018493451,0.000040903382,-0.000022345177,0.000004563471,-0.000034724897
1531728573.980,-0.000120552613,-0.000018493451,0.000040903382,-0.000022345177,0.000004563471,-0.000034724897
1531728574.004,-0.000120552613,-0.000018493451,0.000040903382,-0.000022345177,0.000004563471,-0.000034724897
1531728574.028,-0.000120552613,-0.000018493451,0.000040903382,-0.000022345177,0.000004563471,-0.000034724897
1531728574.053,-0.000120552613,-0.000018493451,0.000040903382,-0.000022345177,0.000004563471,-0.000034724897
1531728574.077,-0.000120552613,-0.000018493451,0.000040903382,-0.000022345177,0.000004563471,-0.000034724897
1531728574.101,-0.000120552613,-0.000018493451,0.000040903382,-0.000022345177,0.000004563471,-0.000034724897
1531728574.125,-0.000120552613,-0.000018493451,0.000040903382,-0.000022345177,0.000004563471,-0.000034724897
1531728574.149,-0.000120552613,-0.000018493451,0.000040903382,-0.000022345177,0.000004563471,-0.000034724897
1531728574.174,-0.000120552613,-0.000018493451,0.000040903382,-0.000022345177,0.000004563471,-0.000034724897
1531728574.198,-0.000120552613,-0.000018493451,0.000040903382,-0.000022345177,0.000004563471,-0.000034724897
1531728574.222,-0.000120552613,-0.000018493451,0.000040903382,-0.000022345177,0.000004563471,-0.000034724897
1531728574.246,-0.000120552613,-0.000018493451,0.000040903382,-0.000022345177,0.000004563471,-0.000034724897
1531728574.271,-0.000120552613,-0.000018493451,0.000040903382,-0.000022345177,0.000004563471,-0.000034724897
1531728574.295,-0.000120552613,-0.000018493451,0.000040903382,-0.000022345177,0.000004563471,-0.000034724897
1531728574.319,-0.000120552613,-0.000018493451,0.000040903382,-0.000022345177,0.000004563471,-0.000034724897
1531728574.343,-0.000120552613,-0.000018493451,0.000040903382,-0.000022345177,0.000004563471,-0.000034724897
1531728574.368,-0.000120552613,-0.000018493451,0.000040903382,-0.000022345177,0.000004563471,-0.000034724897
1531728574.392,-0.000120552613,-0.000018493451,0.000040903382,-0.000022345177,0.000004563471,-0.000034724897
1531728574.416,-0.000120552613,-0.000018493451,0.000040903382,-0.000022345177,0.000004563471,-0.000034724897
1531728574.441,-0.000120552613,-0.000018493451,0.000040903382,-0.000022345177,0.000004563471,-0.000034724897
1531728574.465,-0.000120552613,-0.000018493451,0.000040903382,-0.000022345177,0.000004563471,-0.000034724897
1531728574.489,-0.000120552613,-0.000018493451,0.000040903382,-0.000022345177,0.000004563471,-0.000034724897
1531728574.513,-0.000120552613,-0.000018493451,0.000040903382,-0.000022345177,0.000004563471,-0.000034724897
1531728574.537,-0.000120552613,-0.000018493451,0.000040903382,-0.000022345177,0.000004563471,-0.000034724897
1531728574.562,-0.000120552613,-0.000018493451,0.000040903382,-0.000022345177,0.000004563471,-0.000034724897
1531728574.586,-0.000120552613,-0.000018493451,0.000040903382,-0.000022345177,0.000004563471,-0.000034724897
1531728574.610,-0.000120552613,-0.000018493451,0.000040903382,-0.000022345177,0.000004563471,-0.000034724897
1531728574.634,-0.000120552613,-0.000018493451,0.000040903382,-0.000022345177,0.000004563471,-0.000034724897
1531728574.659,-0.000120552613,-0.000018493451,0.000040903382,-0.000022345177,0.000004563471,-0.000034724897
1531728574.683,-0.000120552613,-0.000018493451,0.000040903382,-0.000022345177,0.000004563471,-0.000034724897
1531728574.707,-0.000120552613,-0.000018493451,0.000040903382,-0.000022345177,0.000004563471,-0.000034724897
1531728574.731,-0.000120552613,-0.000018493451,0.000040903382,-0.000022345177,0.000004563471,-0.000034724897
1531728574.755,-0.000120552613,-0.000018493451,0.000040903382,-0.000022345177,0.000004563471,-0.000034724897
1531728574.780,-0.000120552613,-0.000018493451,0.000040903382,-0.000022345177,0.000004563471,-0.000034724897
1531728574.804,-0.000120552613,-0.000018493451,0.000040903382,-0.000022345177,0.000004563471,-0.000034724897
1531728574.828,-0.000120552613,-0.000018493451,0.000040903382,-0.000022345177,0.000004563471,-0.000034724897
1531728574.852,-0.000120552613,-0.000018493451,0.000040903382,-0.000022345177,0.000004563471,-0.000034724897
1531728574.877,-0.000120552613,-0.000018493451,0.000040903382,-0.000022345177,0.000004563471,-0.000034724897
1531728574.901,-0.000120552613,-0.000018493451,0.000040903382,-0.000022345177,0.000004563471,-0.000034724897
1531728574.925,-0.000120552613,-0.000018493451,0.000040903382,-0.000022345177,0.000004563471,-0.000034724897
1531728574.949,-0.000120552613,-0.000018493451,0.000040903382,-0.000022345177,0.000004563471,-0.000034724897
1531728574.973,-0.000120552613,-0.000018493451,0.000040903382,-0.000022345177,0.000004563471,-0.000034724897
1531728574.998,-0.000120552613,-0.000018493451,0.000040903382,-0.000022345177,0.000004563471,-0.000034724897
1531728575.022,-0.000120552613,-0.000018493451,0.000040903382,-0.000022345177,0.000004563471,-0.000034724897
1531728575.046,-0.000120552613,-0.000018493451,0.000040903382,-0.000022345177,0.000004563471,-0.000034724897
1531728575.070,-0.000120552613,-0.000018493451,0.000040903382,-0.000022345177,0.000004563471,-0.000034724897
1531728575.095,-0.000120552613,-0.000018493451,0.000040903382,-0.000022345177,0.000004563471,-0.000034724897
1531728575.119,-0.000120552613,-0.000018493451,0.000040903382,-0.000022345177,0.000004563471,-0.000034724897
1531728575.143,-0.000120552613,-0.000018493451,0.000040903382,-0.000022345177,0.000004563471,-0.000034724897
1531728575.167,-0.000120552613,-0.000018493451,0.000040903382,-0.000022345177,0.000004563471,-0.000034724897
1531728575.191,-0.000120552613,-0.000018493451,0.000040903382,-0.000022345177,0.000004563471,-0.000034724897
1531728575.215,-0.000120552613,-0.000018493451,0.000040903382,-0.000022345177,0.000004563471,-0.000034724897
1531728575.240,-0.000120552504,-0.000018490464,0.000040787108,-0.000022403059,0.000004565736,-0.000034724922
1531728575.264,-0.000120552613,-0.000018493451,0.000040903382,-0.000022345177,0.000004563471,-0.000034724897
1531728575.288,-0.000120552504,-0.000018490464,0.000040787108,-0.000022403059,0.000004565736,-0.000034724922
1531728575.312,-0.000120552504,-0.000018490464,0.000040787108,-0.000022403059,0.000004565736,-0.000034724922
1531728575.336,-0.000120552613,-0.000018493451,0.000040903382,-0.000022345177,0.000004563471,-0.000034724897
1531728575.361,-0.000120552504,-0.000018490464,0.000040787108,-0.000022403059,0.000004565736,-0.000034724922
1531728575.385,-0.000120552409,-0.000018493676,0.000040653489,-0.000022340804,0.000004567699,-0.000034724897
1531728575.409,-0.000120552409,-0.000018493676,0.000040653489,-0.000022340804,0.000004567699,-0.000034724897
1531728575.433,-0.000120552409,-0.000018493676,0.000040653489,-0.000022340804,0.000004567699,-0.000034724897
1531728575.458,-0.000120552409,-0.000018493676,0.000040653489,-0.000022340804,0.000004567699,-0.000034724897
1531728575.482,-0.000120552519,-0.000018496665,0.000040769763,-0.000022282922,0.000004565434,-0.000034724872
1531728575.506,-0.000120552409,-0.000018493676,0.000040653489,-0.000022340804,0.000004567699,-0.000034724897
1531728575.530,-0.000120552409,-0.000018493676,0.000040653489,-0.000022340804,0.000004567699,-0.000034724897
1531728575.554,-0.000120552409,-0.000018493676,0.000040653489,-0.000022340804,0.000004567699,-0.000034724897
1531728575.579,-0.000120552409,-0.000018493676,0.000040653489,-0.000022340804,0.000004567699,-0.000034724897
1531728575.603,-0.000120552409,-0.000018493676,0.000040653489,-0.000022340804,0.000004567699,-0.000034724897
1531728575.627,-0.000120552409,-0.000018493676,0.000040653489,-0.000022340804,0.000004567699,-0.000034724897
1531728575.652,-0.000120552409,-0.000018493676,0.000040653489,-0.000022340804,0.000004567699,-0.000034724897
1531728575.676,-0.000120552409,-0.000018493676,0.000040653489,-0.000022340804,0.000004567699,-0.000034724897
1531728575.700,-0.000120552409,-0.000018493676,0.000040653489,-0.000022340804,0.000004567699,-0.000034724897
1531728575.724,-0.000120552409,-0.000018493676,0.000040653489,-0.000022340804,0.000004567699,-0.000034724897
1531728575.748,-0.000120552409,-0.000018493676,0.000040653489,-0.000022340804,0.000004567699,-0.000034724897
1531728575.773,-0.000120552409,-0.000018493676,0.000040653489,-0.000022340804,0.000004567699,-0.000034724897
1531728575.797,-0.000120552409,-0.000018493676,0.000040653489,-0.000022340804,0.000004567699,-0.000034724897
1531728575.821,-0.000120552409,-0.000018493676,0.000040653489,-0.000022340804,0.000004567699,-0.000034724897
1531728575.845,-0.000120552409,-0.000018493676,0.000040653489,-0.000022340804,0.000004567699,-0.000034724897
1531728575.869,-0.000120552409,-0.000018493676,0.000040653489,-0.000022340804,0.000004567699,-0.000034724897
1531728575.894,-0.000120552409,-0.000018493676,0.000040653489,-0.000022340804,0.000004567699,-0.000034724897
1531728575.918,-0.000120552409,-0.000018493676,0.000040653489,-0.000022340804,0.000004567699,-0.000034724897
1531728575.942,-0.000120552409,-0.000018493676,0.000040653489,-0.000022340804,0.000004567699,-0.000034724897
1531728575.966,-0.000120552409,-0.000018493676,0.000040653489,-0.000022340804,0.000004567699,-0.000034724897
1531728575.990,-0.000120552409,-0.000018493676,0.000040653489,-0.000022340804,0.000004567699,-0.000034724897
1531728576.015,-0.000120552409,-0.000018493676,0.000040653489,-0.000022340804,0.000004567699,-0.000034724897
1531728576.039,-0.000120552409,-0.000018493676,0.000040653489,-0.000022340804,0.000004567699,-0.000034724897
1531728576.063,-0.000120552409,-0.000018493676,0.000040653489,-0.000022340804,0.000004567699,-0.000034724897
1531728576.087,-0.000120552409,-0.000018493676,0.000040653489,-0.000022340804,0.000004567699,-0.000034724897
1531728576.112,-0.000120552409,-0.000018493676,0.000040653489,-0.000022340804,0.000004567699,-0.000034724897
1531728576.136,-0.000120552409,-0.000018493676,0.000040653489,-0.000022340804,0.000004567699,-0.000034724897
1531728576.160,-0.000120552409,-0.000018493676,0.000040653489,-0.000022340804,0.000004567699,-0.000034724897
1531728576.184,-0.000120552409,-0.000018493676,0.000040653489,-0.000022340804,0.000004567699,-0.000034724897
1531728576.208,-0.000120552409,-0.000018493676,0.000040653489,-0.000022340804,0.000004567699,-0.000034724897
1531728576.232,-0.000120552409,-0.000018493676,0.000040653489,-0.000022340804,0.000004567699,-0.000034724897
1531728576.257,-0.000120552409,-0.000018493676,0.000040653489,-0.000022340804,0.000004567699,-0.000034724897
1531728576.281,-0.000120552409,-0.000018493676,0.000040653489,-0.000022340804,0.000004567699,-0.000034724897
1531728576.305,-0.000120552409,-0.000018493676,0.000040653489,-0.000022340804,0.000004567699,-0.000034724897
1531728576.329,-0.000120552409,-0.000018493676,0.000040653489,-0.000022340804,0.000004567699,-0.000034724897
1531728576.354,-0.000120552409,-0.000018493676,0.000040653489,-0.000022340804,0.000004567699,-0.000034724897
1531728576.378,-0.000120552409,-0.000018493676,0.000040653489,-0.000022340804,0.000004567699,-0.000034724897
1531728576.402,-0.000120552519,-0.000018496665,0.000040769763,-0.000022282922,0.000004565434,-0.000034724872
1531728576.426,-0.000120552519,-0.000018496665,0.000040769763,-0.000022282922,0.000004565434,-0.000034724872
1531728576.451,-0.000120552519,-0.000018496665,0.000040769763,-0.000022282922,0.000004565434,-0.000034724872
1531728576.475,-0.000120552519,-0.000018496665,0.000040769763,-0.000022282922,0.000004565434,-0.000034724872
1531728576.499,-0.000120552519,-0.000018496665,0.000040769763,-0.000022282922,0.000004565434,-0.000034724872
1531728576.523,-0.000120552519,-0.000018496665,0.000040769763,-0.000022282922,0.000004565434,-0.000034724872
1531728576.547,-0.000120552519,-0.000018496665,0.000040769763,-0.000022282922,0.000004565434,-0.000034724872
1531728576.572,-0.000120552409,-0.000018493676,0.000040653489,-0.000022340804,0.000004567699,-0.000034724897
1531728576.596,-0.000120552409,-0.000018493676,0.000040653489,-0.000022340804,0.000004567699,-0.000034724897
1531728576.620,-0.000120552519,-0.000018496665,0.000040769763,-0.000022282922,0.000004565434,-0.000034724872
1531728576.644,-0.000120552409,-0.000018493676,0.000040653489,-0.000022340804,0.000004567699,-0.000034724897
1531728576.669,-0.000120552409,-0.000018493676,0.000040653489,-0.000022340804,0.000004567699,-0.000034724897
1531728576.693,-0.000120552409,-0.000018493676,0.000040653489,-0.000022340804,0.000004567699,-0.000034724897
1531728576.717,-0.000120552409,-0.000018493676,0.000040653489,-0.000022340804,0.000004567699,-0.000034724897
1531728576.741,-0.000120552409,-0.000018493676,0.000040653489,-0.000022340804,0.000004567699,-0.000034724897
1531728576.765,-0.000120552409,-0.000018493676,0.000040653489,-0.000022340804,0.000004567699,-0.000034724897
1531728576.790,-0.000120552409,-0.000018493676,0.000040653489,-0.000022340804,0.000004567699,-0.000034724897
1531728576.814,-0.000120552409,-0.000018493676,0.000040653489,-0.000022340804,0.000004567699,-0.000034724897
1531728576.838,-0.000120552409,-0.000018493676,0.000040653489,-0.000022340804,0.000004567699,-0.000034724897
1531728576.862,-0.000120552409,-0.000018493676,0.000040653489,-0.000022340804,0.000004567699,-0.000034724897
1531728576.886,-0.000120552409,-0.000018493676,0.000040653489,-0.000022340804,0.000004567699,-0.000034724897
1531728576.911,-0.000120552519,-0.000018496665,0.000040769763,-0.000022282922,0.000004565434,-0.000034724872
1531728576.935,-0.000120552409,-0.000018493676,0.000040653489,-0.000022340804,0.000004567699,-0.000034724897
1531728576.959,-0.000120552519,-0.000018496665,0.000040769763,-0.000022282922,0.000004565434,-0.000034724872
1531728576.983,-0.000120552519,-0.000018496665,0.000040769763,-0.000022282922,0.000004565434,-0.000034724872
1531728577.008,-0.000120552519,-0.000018496665,0.000040769763,-0.000022282922,0.000004565434,-0.000034724872
1531728577.032,-0.000120552519,-0.000018496665,0.000040769763,-0.000022282922,0.000004565434,-0.000034724872
1531728577.056,-0.000120552519,-0.000018496665,0.000040769763,-0.000022282922,0.000004565434,-0.000034724872
1531728577.080,-0.000120552519,-0.000018496665,0.000040769763,-0.000022282922,0.000004565434,-0.000034724872
1531728577.104,-0.000120552519,-0.000018496665,0.000040769763,-0.000022282922,0.000004565434,-0.000034724872
1531728577.129,-0.000120552519,-0.000018496665,0.000040769763,-0.000022282922,0.000004565434,-0.000034724872
1531728577.153,-0.000120552519,-0.000018496665,0.000040769763,-0.000022282922,0.000004565434,-0.000034724872
1531728577.177,-0.000120552519,-0.000018496665,0.000040769763,-0.000022282922,0.000004565434,-0.000034724872
1531728577.202,-0.000120552519,-0.000018496665,0.000040769763,-0.000022282922,0.000004565434,-0.000034724872
1531728577.226,-0.000120552519,-0.000018496665,0.000040769763,-0.000022282922,0.000004565434,-0.000034724872
1531728577.250,-0.000120552519,-0.000018496665,0.000040769763,-0.000022282922,0.000004565434,-0.000034724872
1531728577.274,-0.000120552519,-0.000018496665,0.000040769763,-0.000022282922,0.000004565434,-0.000034724872
1531728577.299,-0.000120552613,-0.000018493451,0.000040903382,-0.000022345177,0.000004563471,-0.000034724897
1531728577.323,-0.000120552519,-0.000018496665,0.000040769763,-0.000022282922,0.000004565434,-0.000034724872
1531728577.347,-0.000120552519,-0.000018496665,0.000040769763,-0.000022282922,0.000004565434,-0.000034724872
